TRAINING,spaghetti_91_jpg.rf.2b147f68c7718049a4c11374c5f190be.jpg,spaghetti,640,640.1,149,156,625,433
TRAINING,/home/kapis20/Projects/3D_new/3Dlittle/data/train/imag-111-_jpg.rf.3ea9b56e84d61afcf8c4048a2076a7af.jpg,spaghetti,640,640,295,133,398,479
TRAINING,/home/kapis20/Projects/3D_new/3Dlittle/data/train/imag-11-_jpg.rf.1b89da091b48dc628fb4c8e657a007dc.jpg,spaghetti,640,640,218,41,383,310
TRAINING,/home/kapis20/Projects/3D_new/3Dlittle/data/train/imag-11-_jpg.rf.1b89da091b48dc628fb4c8e657a007dc.jpg,spaghetti,640,640,74,215,320,509
TRAINING,/home/kapis20/Projects/3D_new/3Dlittle/data/train/imag-124-_jpg.rf.185c2b66847b8ad034e4da6ffe339c57.jpg,spaghetti,640,640,227,164,290,252
TRAINING,/home/kapis20/Projects/3D_new/3Dlittle/data/train/imag-124-_jpg.rf.185c2b66847b8ad034e4da6ffe339c57.jpg,spaghetti,640,640,9,51,83,196
TRAINING,/home/kapis20/Projects/3D_new/3Dlittle/data/train/spaghetti_54_jpg.rf.2f799ed222acf23b57f3ce77e005eeb5.jpg,spaghetti,640,640,36,8,614,334
TRAINING,/home/kapis20/Projects/3D_new/3Dlittle/data/train/imag-11-_jpg.rf.0ab6a387bfd086793ce67b3f3210fd99.jpg,spaghetti,640,640,218,330,383,599
TRAINING,/home/kapis20/Projects/3D_new/3Dlittle/data/train/imag-11-_jpg.rf.0ab6a387bfd086793ce67b3f3210fd99.jpg,spaghetti,640,640,74,132,320,426
TRAINING,/home/kapis20/Projects/3D_new/3Dlittle/data/train/imag-115-_jpg.rf.1145ef1fd86e9eb00c0d5de2605625d0.jpg,spaghetti,640,640,310,63,487,577
TRAINING,/home/kapis20/Projects/3D_new/3Dlittle/data/train/imag-12-_jpg.rf.28b453dcf6c5aff763a2b3482fdcb2eb.jpg,spaghetti,640,640,257,387,442,622
TRAINING,/home/kapis20/Projects/3D_new/3Dlittle/data/train/imag-12-_jpg.rf.28b453dcf6c5aff763a2b3482fdcb2eb.jpg,spaghetti,640,640,361,216,424,359
TRAINING,/home/kapis20/Projects/3D_new/3Dlittle/data/train/imag-122-_jpg.rf.0563c76e8ec753632a0247feec599ad6.jpg,spaghetti,640,640,167,32,507,236
TRAINING,/home/kapis20/Projects/3D_new/3Dlittle/data/train/imag-149-_jpg.rf.0f7f21f39a334a5b0753c8645e5f92d2.jpg,spaghetti,640,640,276,214,330,255
TRAINING,/home/kapis20/Projects/3D_new/3Dlittle/data/train/imag-12-_jpg.rf.30b4d2d01cbe881c76ffb7cd4aa30d4c.jpg,spaghetti,640,640,257,18,442,255
TRAINING,/home/kapis20/Projects/3D_new/3Dlittle/data/train/imag-12-_jpg.rf.30b4d2d01cbe881c76ffb7cd4aa30d4c.jpg,spaghetti,640,640,362,281,426,425
TRAINING,/home/kapis20/Projects/3D_new/3Dlittle/data/train/spaghetti_82_jpg.rf.328e54fcdd1199149f35824111a56d09.jpg,spaghetti,640,640,57,255,588,503
TRAINING,/home/kapis20/Projects/3D_new/3Dlittle/data/train/1e0889f0d3cb71fe1a1dc15a23bcda8cf78d4241_jpg.rf.3e3ad2892f0df56486caa4ba5a0503f0.jpg,spaghetti,640,640,185,67,528,446
TRAINING,/home/kapis20/Projects/3D_new/3Dlittle/data/train/1e0889f0d3cb71fe1a1dc15a23bcda8cf78d4241_jpg.rf.3e3ad2892f0df56486caa4ba5a0503f0.jpg,spaghetti,640,640,0,233,201,603
TRAINING,/home/kapis20/Projects/3D_new/3Dlittle/data/train/imag-101-_jpg.rf.0599bb4a6fced3475cb6af9fc25630b7.jpg,spaghetti,640,640,536,319,599,396
TRAINING,/home/kapis20/Projects/3D_new/3Dlittle/data/train/imag-101-_jpg.rf.0599bb4a6fced3475cb6af9fc25630b7.jpg,spaghetti,640,640,366,344,434,469
TRAINING,/home/kapis20/Projects/3D_new/3Dlittle/data/train/imag-101-_jpg.rf.0599bb4a6fced3475cb6af9fc25630b7.jpg,spaghetti,640,640,147,400,363,534
TRAINING,/home/kapis20/Projects/3D_new/3Dlittle/data/train/spaghetti_89_jpg.rf.16547bfbae1181ffe92542ff1dd2bb3f.jpg,spaghetti,640,640,126,89,480,286
TRAINING,/home/kapis20/Projects/3D_new/3Dlittle/data/train/spaghetti_89_jpg.rf.16547bfbae1181ffe92542ff1dd2bb3f.jpg,spaghetti,640,640,0,292,362,442
TRAINING,/home/kapis20/Projects/3D_new/3Dlittle/data/train/DafpCzRW0AADlrE-jpglarge_jpg.rf.2fa61512168f77d85ff35f5fcef4be80.jpg,spaghetti,640,640,250,23,469,282
TRAINING,/home/kapis20/Projects/3D_new/3Dlittle/data/train/imag-105-_jpg.rf.08f673c75685e6c4e1d04866076b2797.jpg,spaghetti,640,640,54,268,444,412
TRAINING,/home/kapis20/Projects/3D_new/3Dlittle/data/train/imag-115-_jpg.rf.3b861ef1b15cba920b9b3b22ac75bea2.jpg,spaghetti,640,640,63,310,577,487
TRAINING,/home/kapis20/Projects/3D_new/3Dlittle/data/train/imag-114-_jpg.rf.16a638469192fc0e214278bd8ff4573b.jpg,spaghetti,640,640,273,135,570,399
TRAINING,/home/kapis20/Projects/3D_new/3Dlittle/data/train/imag-114-_jpg.rf.16a638469192fc0e214278bd8ff4573b.jpg,spaghetti,640,640,39,205,281,344
TRAINING,/home/kapis20/Projects/3D_new/3Dlittle/data/train/imag-114-_jpg.rf.16a638469192fc0e214278bd8ff4573b.jpg,spaghetti,640,640,35,346,102,461
TRAINING,/home/kapis20/Projects/3D_new/3Dlittle/data/train/spaghetti_47_jpg.rf.3f57da96af2de51795190fd829f804ea.jpg,spaghetti,640,640,81,153,340,544
TRAINING,/home/kapis20/Projects/3D_new/3Dlittle/data/train/spaghetti_47_jpg.rf.3f57da96af2de51795190fd829f804ea.jpg,spaghetti,640,640,394,139,622,345
TRAINING,/home/kapis20/Projects/3D_new/3Dlittle/data/train/spaghetti_47_jpg.rf.3f57da96af2de51795190fd829f804ea.jpg,spaghetti,640,640,18,352,70,530
TRAINING,/home/kapis20/Projects/3D_new/3Dlittle/data/train/imag-123-_jpg.rf.1ac3de8f49395b5d553aa1ae1a01fb7d.jpg,spaghetti,640,640,231,145,597,465
TRAINING,/home/kapis20/Projects/3D_new/3Dlittle/data/train/spaghetti_94_jpg.rf.2e7d7430d0b278b6159457ac750ddfa7.jpg,spaghetti,640,640,127,126,310,504
TRAINING,/home/kapis20/Projects/3D_new/3Dlittle/data/train/imag-12-_jpg.rf.4193ca90105ded2856c90776430fb570.jpg,spaghetti,640,640,18,257,254,442
TRAINING,/home/kapis20/Projects/3D_new/3Dlittle/data/train/imag-12-_jpg.rf.4193ca90105ded2856c90776430fb570.jpg,spaghetti,640,640,281,361,424,424
TRAINING,/home/kapis20/Projects/3D_new/3Dlittle/data/train/3dprinter-2048px-9396_jpg.rf.3bbf903444f21cb422d441bf4f132264.jpg,spaghetti,640,640,264,158,380,314
TRAINING,/home/kapis20/Projects/3D_new/3Dlittle/data/train/imag-11-_jpg.rf.47317a79dfa4b26529f715a7f97d001d.jpg,spaghetti,640,640,218,41,383,310
TRAINING,/home/kapis20/Projects/3D_new/3Dlittle/data/train/imag-11-_jpg.rf.47317a79dfa4b26529f715a7f97d001d.jpg,spaghetti,640,640,74,215,320,509
TRAINING,/home/kapis20/Projects/3D_new/3Dlittle/data/train/imag-118-_jpg.rf.37de97f5c61d61c5771ef3619fe05685.jpg,spaghetti,640,640,375,264,560,407
TRAINING,/home/kapis20/Projects/3D_new/3Dlittle/data/train/imag-12-_jpg.rf.41dfd948bbdfaba90263467a97c04bdf.jpg,spaghetti,640,640,257,18,442,254
TRAINING,/home/kapis20/Projects/3D_new/3Dlittle/data/train/imag-12-_jpg.rf.41dfd948bbdfaba90263467a97c04bdf.jpg,spaghetti,640,640,361,281,424,424
TRAINING,/home/kapis20/Projects/3D_new/3Dlittle/data/train/spaghetti_37_jpg.rf.50ff23a9aa55dcdc55900bf58b384c4b.jpg,spaghetti,640,640,140,88,537,565
TRAINING,/home/kapis20/Projects/3D_new/3Dlittle/data/train/hm3f9nr6xiaa1_jpg.rf.50633f83d4836a4cb79b8ed478284513.jpg,spaghetti,640,640,226,29,399,247
TRAINING,/home/kapis20/Projects/3D_new/3Dlittle/data/train/hm3f9nr6xiaa1_jpg.rf.50633f83d4836a4cb79b8ed478284513.jpg,spaghetti,640,640,150,149,232,283
TRAINING,/home/kapis20/Projects/3D_new/3Dlittle/data/train/hm3f9nr6xiaa1_jpg.rf.50633f83d4836a4cb79b8ed478284513.jpg,spaghetti,640,640,213,245,337,333
TRAINING,/home/kapis20/Projects/3D_new/3Dlittle/data/train/hm3f9nr6xiaa1_jpg.rf.50633f83d4836a4cb79b8ed478284513.jpg,spaghetti,640,640,176,18,229,103
TRAINING,/home/kapis20/Projects/3D_new/3Dlittle/data/train/imag-129-_jpg.rf.5486069e8f8653ce4c829004cb733a3d.jpg,spaghetti,640,640,328,54,501,533
TRAINING,/home/kapis20/Projects/3D_new/3Dlittle/data/train/imag-129-_jpg.rf.5486069e8f8653ce4c829004cb733a3d.jpg,spaghetti,640,640,185,440,297,546
TRAINING,/home/kapis20/Projects/3D_new/3Dlittle/data/train/imag-116-_jpg.rf.5901bf24f91814883f9840e814f6900b.jpg,spaghetti,640,640,328,60,437,302
TRAINING,/home/kapis20/Projects/3D_new/3Dlittle/data/train/imag-116-_jpg.rf.5901bf24f91814883f9840e814f6900b.jpg,spaghetti,640,640,166,301,506,516
TRAINING,/home/kapis20/Projects/3D_new/3Dlittle/data/train/spaghetti_79_jpg.rf.56babe7d67b136f0bde997907c934cf1.jpg,spaghetti,640,640,37,46,558,364
TRAINING,/home/kapis20/Projects/3D_new/3Dlittle/data/train/imag-15-_jpg.rf.67f97148262e34556012ab91e1a7fa43.jpg,spaghetti,640,640,213,284,589,554
TRAINING,/home/kapis20/Projects/3D_new/3Dlittle/data/train/spaghetti_32_jpg.rf.5ac2506bfde76e752924797a53002739.jpg,spaghetti,640,640,82,11,522,293
TRAINING,/home/kapis20/Projects/3D_new/3Dlittle/data/train/338004600_6013475658741777_1374450238045333677_n_jpg.rf.64401b983ddb399db85ba568cf54bc42.jpg,spaghetti,640,640,240,240,586,430
TRAINING,/home/kapis20/Projects/3D_new/3Dlittle/data/train/spaghetti_86_jpg.rf.5dbf1150d1766fb6f7ce67d1c7d1cf0a.jpg,spaghetti,640,640,117,100,506,631
TRAINING,/home/kapis20/Projects/3D_new/3Dlittle/data/train/imag-103-_jpg.rf.5f8b5e854048e82059293356756e8ccd.jpg,spaghetti,640,640,100,91,639,362
TRAINING,/home/kapis20/Projects/3D_new/3Dlittle/data/train/imag-105-_jpg.rf.6a76441093ab641f34f68de64b36a91c.jpg,spaghetti,640,640,267,53,410,442
TRAINING,/home/kapis20/Projects/3D_new/3Dlittle/data/train/imag-103-_jpg.rf.69bba548ce2f229b0899b614eb7396d1.jpg,spaghetti,640,640,0,91,541,360
TRAINING,/home/kapis20/Projects/3D_new/3Dlittle/data/train/imag-10-_jpg.rf.697e019bcb72632a0e4db53aac2fa363.jpg,spaghetti,640,640,199,205,307,298
TRAINING,/home/kapis20/Projects/3D_new/3Dlittle/data/train/imag-10-_jpg.rf.697e019bcb72632a0e4db53aac2fa363.jpg,spaghetti,640,640,213,306,313,380
TRAINING,/home/kapis20/Projects/3D_new/3Dlittle/data/train/spaghetti_95_jpg.rf.68de92b7d6a5b99665023e62a97841fa.jpg,spaghetti,640,640,160,269,309,512
TRAINING,/home/kapis20/Projects/3D_new/3Dlittle/data/train/spaghetti_95_jpg.rf.68de92b7d6a5b99665023e62a97841fa.jpg,spaghetti,640,640,327,230,404,410
TRAINING,/home/kapis20/Projects/3D_new/3Dlittle/data/train/spaghetti_95_jpg.rf.68de92b7d6a5b99665023e62a97841fa.jpg,spaghetti,640,640,357,175,409,257
TRAINING,/home/kapis20/Projects/3D_new/3Dlittle/data/train/spaghetti_95_jpg.rf.68de92b7d6a5b99665023e62a97841fa.jpg,spaghetti,640,640,359,355,409,460
TRAINING,/home/kapis20/Projects/3D_new/3Dlittle/data/train/spaghetti_95_jpg.rf.68de92b7d6a5b99665023e62a97841fa.jpg,spaghetti,640,640,179,469,336,615
TRAINING,/home/kapis20/Projects/3D_new/3Dlittle/data/train/imag-115-_jpg.rf.6dd2192c2a904b5e4586530f97998225.jpg,spaghetti,640,640,63,153,577,330
TRAINING,/home/kapis20/Projects/3D_new/3Dlittle/data/train/imag-12-_jpg.rf.7034270ab3f894f847e49e194a22d316.jpg,spaghetti,640,640,257,387,442,622
TRAINING,/home/kapis20/Projects/3D_new/3Dlittle/data/train/imag-12-_jpg.rf.7034270ab3f894f847e49e194a22d316.jpg,spaghetti,640,640,361,216,424,359
TRAINING,/home/kapis20/Projects/3D_new/3Dlittle/data/train/spaghetti_80_jpg.rf.7a063231a79c9042af07d5486f7802d6.jpg,spaghetti,640,640,60,107,194,240
TRAINING,/home/kapis20/Projects/3D_new/3Dlittle/data/train/spaghetti_80_jpg.rf.7a063231a79c9042af07d5486f7802d6.jpg,spaghetti,640,640,63,307,284,554
TRAINING,/home/kapis20/Projects/3D_new/3Dlittle/data/train/spaghetti_122_jpg.rf.7630fa02cf5e1517fd0b5c2af78a5dfd.jpg,spaghetti,640,640,200,52,470,537
TRAINING,/home/kapis20/Projects/3D_new/3Dlittle/data/train/spaghetti_41_jpg.rf.8277edfbade88be77989e1983a7e3b34.jpg,spaghetti,640,640,147,114,584,537
TRAINING,/home/kapis20/Projects/3D_new/3Dlittle/data/train/imag-105-_jpg.rf.7c3df8838789b52624c584d8e001120d.jpg,spaghetti,640,640,267,53,410,442
TRAINING,/home/kapis20/Projects/3D_new/3Dlittle/data/train/1520217468319_jpg.rf.8996e1134c0e7af1782e89ec21e3e937.jpg,spaghetti,640,640,177,11,627,525
TRAINING,/home/kapis20/Projects/3D_new/3Dlittle/data/train/imag-116-_jpg.rf.83fcc13eb318277be479afa864ba98ac.jpg,spaghetti,640,640,328,60,437,302
TRAINING,/home/kapis20/Projects/3D_new/3Dlittle/data/train/imag-116-_jpg.rf.83fcc13eb318277be479afa864ba98ac.jpg,spaghetti,640,640,166,301,506,516
TRAINING,/home/kapis20/Projects/3D_new/3Dlittle/data/train/336651757_1243082616632001_2324504057746155226_n_cropped_jpg.rf.9ab7174ff19354c92b6f9d3a091ebca0.jpg,spaghetti,640,640,322,125,462,217
TRAINING,/home/kapis20/Projects/3D_new/3Dlittle/data/train/336651757_1243082616632001_2324504057746155226_n_cropped_jpg.rf.9ab7174ff19354c92b6f9d3a091ebca0.jpg,spaghetti,640,640,40,191,142,281
TRAINING,/home/kapis20/Projects/3D_new/3Dlittle/data/train/336651757_1243082616632001_2324504057746155226_n_cropped_jpg.rf.9ab7174ff19354c92b6f9d3a091ebca0.jpg,spaghetti,640,640,243,323,331,454
TRAINING,/home/kapis20/Projects/3D_new/3Dlittle/data/train/336651757_1243082616632001_2324504057746155226_n_cropped_jpg.rf.9ab7174ff19354c92b6f9d3a091ebca0.jpg,spaghetti,640,640,318,354,464,512
TRAINING,/home/kapis20/Projects/3D_new/3Dlittle/data/train/336651757_1243082616632001_2324504057746155226_n_cropped_jpg.rf.9ab7174ff19354c92b6f9d3a091ebca0.jpg,spaghetti,640,640,115,373,215,467
TRAINING,/home/kapis20/Projects/3D_new/3Dlittle/data/train/336651757_1243082616632001_2324504057746155226_n_cropped_jpg.rf.9ab7174ff19354c92b6f9d3a091ebca0.jpg,spaghetti,640,640,488,267,620,391
TRAINING,/home/kapis20/Projects/3D_new/3Dlittle/data/train/336651757_1243082616632001_2324504057746155226_n_cropped_jpg.rf.9ab7174ff19354c92b6f9d3a091ebca0.jpg,spaghetti,640,640,500,162,549,268
TRAINING,/home/kapis20/Projects/3D_new/3Dlittle/data/train/336651757_1243082616632001_2324504057746155226_n_cropped_jpg.rf.9ab7174ff19354c92b6f9d3a091ebca0.jpg,spaghetti,640,640,369,242,483,348
TRAINING,/home/kapis20/Projects/3D_new/3Dlittle/data/train/336651757_1243082616632001_2324504057746155226_n_cropped_jpg.rf.9ab7174ff19354c92b6f9d3a091ebca0.jpg,spaghetti,640,640,174,146,276,193
TRAINING,/home/kapis20/Projects/3D_new/3Dlittle/data/train/imag-10-_jpg.rf.8a7fab80eaacd31aa417a0b8ec5fe1b7.jpg,spaghetti,640,640,205,334,298,442
TRAINING,/home/kapis20/Projects/3D_new/3Dlittle/data/train/imag-10-_jpg.rf.8a7fab80eaacd31aa417a0b8ec5fe1b7.jpg,spaghetti,640,640,306,327,380,427
TRAINING,/home/kapis20/Projects/3D_new/3Dlittle/data/train/spaghetti_12_jpg.rf.8de3fd5aefc5d098b86bc7300d1df49a.jpg,spaghetti,640,640,117,123,561,507
TRAINING,/home/kapis20/Projects/3D_new/3Dlittle/data/train/imag-115-_jpg.rf.95f59f481670ade81a7fdaee6f72d1de.jpg,spaghetti,640,640,63,153,577,330
TRAINING,/home/kapis20/Projects/3D_new/3Dlittle/data/train/-_jpg.rf.9f6fc4c343b9db6ef8bb3d38cb1049db.jpg,spaghetti,640,640,203,88,635,555
TRAINING,/home/kapis20/Projects/3D_new/3Dlittle/data/train/336786024_580542437345574_8245041165790296686_n_cropped_jpg.rf.a021d6d38feb9732dcfd1a277f764857.jpg,spaghetti,640,640,387,322,517,406
TRAINING,/home/kapis20/Projects/3D_new/3Dlittle/data/train/336786024_580542437345574_8245041165790296686_n_cropped_jpg.rf.a021d6d38feb9732dcfd1a277f764857.jpg,spaghetti,640,640,518,361,631,544
TRAINING,/home/kapis20/Projects/3D_new/3Dlittle/data/train/336786024_580542437345574_8245041165790296686_n_cropped_jpg.rf.a021d6d38feb9732dcfd1a277f764857.jpg,spaghetti,640,640,400,522,484,571
TRAINING,/home/kapis20/Projects/3D_new/3Dlittle/data/train/336786024_580542437345574_8245041165790296686_n_cropped_jpg.rf.a021d6d38feb9732dcfd1a277f764857.jpg,spaghetti,640,640,245,194,385,249
TRAINING,/home/kapis20/Projects/3D_new/3Dlittle/data/train/336786024_580542437345574_8245041165790296686_n_cropped_jpg.rf.a021d6d38feb9732dcfd1a277f764857.jpg,spaghetti,640,640,472,150,526,187
TRAINING,/home/kapis20/Projects/3D_new/3Dlittle/data/train/336786024_580542437345574_8245041165790296686_n_cropped_jpg.rf.a021d6d38feb9732dcfd1a277f764857.jpg,spaghetti,640,640,20,352,101,413
TRAINING,/home/kapis20/Projects/3D_new/3Dlittle/data/train/336786024_580542437345574_8245041165790296686_n_cropped_jpg.rf.a021d6d38feb9732dcfd1a277f764857.jpg,spaghetti,640,640,338,474,396,515
TRAINING,/home/kapis20/Projects/3D_new/3Dlittle/data/train/spaghetti_102_jpg.rf.a2097fefbdf0415bc07f55adc8a741d5.jpg,spaghetti,640,640,248,139,327,243
TRAINING,/home/kapis20/Projects/3D_new/3Dlittle/data/train/spaghetti_102_jpg.rf.a2097fefbdf0415bc07f55adc8a741d5.jpg,spaghetti,640,640,359,276,462,354
TRAINING,/home/kapis20/Projects/3D_new/3Dlittle/data/train/spaghetti_102_jpg.rf.a2097fefbdf0415bc07f55adc8a741d5.jpg,spaghetti,640,640,295,348,378,451
TRAINING,/home/kapis20/Projects/3D_new/3Dlittle/data/train/imag-112-_jpg.rf.9d63dcba85a12d33ec18b115598b9db8.jpg,spaghetti,640,640,473,238,538,273
TRAINING,/home/kapis20/Projects/3D_new/3Dlittle/data/train/imag-112-_jpg.rf.9d63dcba85a12d33ec18b115598b9db8.jpg,spaghetti,640,640,224,248,260,280
TRAINING,/home/kapis20/Projects/3D_new/3Dlittle/data/train/imag-112-_jpg.rf.9d63dcba85a12d33ec18b115598b9db8.jpg,spaghetti,640,640,498,336,631,391
TRAINING,/home/kapis20/Projects/3D_new/3Dlittle/data/train/imag-124-_jpg.rf.a1cb0a224b40e496d6e84f87f0813836.jpg,spaghetti,640,640,227,164,290,252
TRAINING,/home/kapis20/Projects/3D_new/3Dlittle/data/train/imag-124-_jpg.rf.a1cb0a224b40e496d6e84f87f0813836.jpg,spaghetti,640,640,9,51,83,196
TRAINING,/home/kapis20/Projects/3D_new/3Dlittle/data/train/spaghetti_118_jpg.rf.a8d59692e39d841c3feae584c14a9ac6.jpg,spaghetti,640,640,83,12,580,492
TRAINING,/home/kapis20/Projects/3D_new/3Dlittle/data/train/ff0qhi04fwea1_cropped_jpg.rf.ac95f9b27718fb9fdb966247092f6ade.jpg,spaghetti,640,640,115,239,209,365
TRAINING,/home/kapis20/Projects/3D_new/3Dlittle/data/train/ff0qhi04fwea1_cropped_jpg.rf.ac95f9b27718fb9fdb966247092f6ade.jpg,spaghetti,640,640,208,268,262,372
TRAINING,/home/kapis20/Projects/3D_new/3Dlittle/data/train/ff0qhi04fwea1_cropped_jpg.rf.ac95f9b27718fb9fdb966247092f6ade.jpg,spaghetti,640,640,305,411,395,470
TRAINING,/home/kapis20/Projects/3D_new/3Dlittle/data/train/ff0qhi04fwea1_cropped_jpg.rf.ac95f9b27718fb9fdb966247092f6ade.jpg,spaghetti,640,640,314,480,402,538
TRAINING,/home/kapis20/Projects/3D_new/3Dlittle/data/train/ff0qhi04fwea1_cropped_jpg.rf.ac95f9b27718fb9fdb966247092f6ade.jpg,spaghetti,640,640,184,476,264,532
TRAINING,/home/kapis20/Projects/3D_new/3Dlittle/data/train/ff0qhi04fwea1_cropped_jpg.rf.ac95f9b27718fb9fdb966247092f6ade.jpg,spaghetti,640,640,178,385,241,453
TRAINING,/home/kapis20/Projects/3D_new/3Dlittle/data/train/ff0qhi04fwea1_cropped_jpg.rf.ac95f9b27718fb9fdb966247092f6ade.jpg,spaghetti,640,640,249,365,294,441
TRAINING,/home/kapis20/Projects/3D_new/3Dlittle/data/train/ff0qhi04fwea1_cropped_jpg.rf.ac95f9b27718fb9fdb966247092f6ade.jpg,spaghetti,640,640,130,375,184,447
TRAINING,/home/kapis20/Projects/3D_new/3Dlittle/data/train/ff0qhi04fwea1_cropped_jpg.rf.ac95f9b27718fb9fdb966247092f6ade.jpg,spaghetti,640,640,413,357,471,400
TRAINING,/home/kapis20/Projects/3D_new/3Dlittle/data/train/ff0qhi04fwea1_cropped_jpg.rf.ac95f9b27718fb9fdb966247092f6ade.jpg,spaghetti,640,640,91,186,159,234
TRAINING,/home/kapis20/Projects/3D_new/3Dlittle/data/train/spaghetti_62_jpg.rf.aa6568be80b9cc59b9c568513e92510c.jpg,spaghetti,640,640,70,26,640,368
TRAINING,/home/kapis20/Projects/3D_new/3Dlittle/data/train/spaghetti_110_jpg.rf.afcf0562a705ce0d5207ce76394ec356.jpg,spaghetti,640,640,370,57,457,228
TRAINING,/home/kapis20/Projects/3D_new/3Dlittle/data/train/spaghetti_110_jpg.rf.afcf0562a705ce0d5207ce76394ec356.jpg,spaghetti,640,640,204,333,273,453
TRAINING,/home/kapis20/Projects/3D_new/3Dlittle/data/train/spaghetti_110_jpg.rf.afcf0562a705ce0d5207ce76394ec356.jpg,spaghetti,640,640,268,219,383,422
TRAINING,/home/kapis20/Projects/3D_new/3Dlittle/data/train/spaghetti_110_jpg.rf.afcf0562a705ce0d5207ce76394ec356.jpg,spaghetti,640,640,297,116,356,207
TRAINING,/home/kapis20/Projects/3D_new/3Dlittle/data/train/spaghetti_110_jpg.rf.afcf0562a705ce0d5207ce76394ec356.jpg,spaghetti,640,640,256,456,313,521
TRAINING,/home/kapis20/Projects/3D_new/3Dlittle/data/train/f7i3xai4ztx91_cropped_jpg.rf.af097a54b7288a4561dd445ab6d80c6f.jpg,spaghetti,640,640,159,509,251,620
TRAINING,/home/kapis20/Projects/3D_new/3Dlittle/data/train/f7i3xai4ztx91_cropped_jpg.rf.af097a54b7288a4561dd445ab6d80c6f.jpg,spaghetti,640,640,179,317,236,436
TRAINING,/home/kapis20/Projects/3D_new/3Dlittle/data/train/f7i3xai4ztx91_cropped_jpg.rf.af097a54b7288a4561dd445ab6d80c6f.jpg,spaghetti,640,640,235,280,305,350
TRAINING,/home/kapis20/Projects/3D_new/3Dlittle/data/train/f7i3xai4ztx91_cropped_jpg.rf.af097a54b7288a4561dd445ab6d80c6f.jpg,spaghetti,640,640,342,316,415,428
TRAINING,/home/kapis20/Projects/3D_new/3Dlittle/data/train/f7i3xai4ztx91_cropped_jpg.rf.af097a54b7288a4561dd445ab6d80c6f.jpg,spaghetti,640,640,462,349,568,483
TRAINING,/home/kapis20/Projects/3D_new/3Dlittle/data/train/f7i3xai4ztx91_cropped_jpg.rf.af097a54b7288a4561dd445ab6d80c6f.jpg,spaghetti,640,640,338,261,404,333
TRAINING,/home/kapis20/Projects/3D_new/3Dlittle/data/train/imag-117-_jpg.rf.b3491c7c474c06c2a32ca409659ecb65.jpg,spaghetti,640,640,185,236,265,622
TRAINING,/home/kapis20/Projects/3D_new/3Dlittle/data/train/imag-117-_jpg.rf.b3491c7c474c06c2a32ca409659ecb65.jpg,spaghetti,640,640,222,55,270,152
TRAINING,/home/kapis20/Projects/3D_new/3Dlittle/data/train/imag-107-_jpg.rf.ae35c138c00a3d993371dc9511ef29ba.jpg,spaghetti,640,640,467,417,629,494
TRAINING,/home/kapis20/Projects/3D_new/3Dlittle/data/train/imag-107-_jpg.rf.ae35c138c00a3d993371dc9511ef29ba.jpg,spaghetti,640,640,301,85,637,610
TRAINING,/home/kapis20/Projects/3D_new/3Dlittle/data/train/spaghetti_106_jpg.rf.aff20cecd5a4a8c73996267f9c4a4951.jpg,spaghetti,640,640,222,50,430,265
TRAINING,/home/kapis20/Projects/3D_new/3Dlittle/data/train/imag-11-_jpg.rf.b4ef2c0d28e1a6448cfa9fff266e76a5.jpg,spaghetti,640,640,218,330,383,599
TRAINING,/home/kapis20/Projects/3D_new/3Dlittle/data/train/imag-11-_jpg.rf.b4ef2c0d28e1a6448cfa9fff266e76a5.jpg,spaghetti,640,640,74,132,320,426
TRAINING,/home/kapis20/Projects/3D_new/3Dlittle/data/train/imag-148-_jpg.rf.b9679a65665a0b0e30d8a4dde897bf8a.jpg,spaghetti,640,640,296,385,319,431
TRAINING,/home/kapis20/Projects/3D_new/3Dlittle/data/train/imag-148-_jpg.rf.b9679a65665a0b0e30d8a4dde897bf8a.jpg,spaghetti,640,640,262,496,298,535
TRAINING,/home/kapis20/Projects/3D_new/3Dlittle/data/train/imag-109-_jpg.rf.b854219f750f8f7b47fd9ba3647de44e.jpg,spaghetti,640,640,326,242,397,331
TRAINING,/home/kapis20/Projects/3D_new/3Dlittle/data/train/imag-101-_jpg.rf.b47ee1fd947fad794bbcee8e8ad59dae.jpg,spaghetti,640,640,536,319,599,396
TRAINING,/home/kapis20/Projects/3D_new/3Dlittle/data/train/imag-101-_jpg.rf.b47ee1fd947fad794bbcee8e8ad59dae.jpg,spaghetti,640,640,366,344,434,469
TRAINING,/home/kapis20/Projects/3D_new/3Dlittle/data/train/imag-101-_jpg.rf.b47ee1fd947fad794bbcee8e8ad59dae.jpg,spaghetti,640,640,147,400,363,534
TRAINING,/home/kapis20/Projects/3D_new/3Dlittle/data/train/imag-12-_jpg.rf.bba4b23396a4c904ea0929473c9c15c5.jpg,spaghetti,640,640,257,18,442,254
TRAINING,/home/kapis20/Projects/3D_new/3Dlittle/data/train/imag-12-_jpg.rf.bba4b23396a4c904ea0929473c9c15c5.jpg,spaghetti,640,640,361,281,424,424
TRAINING,/home/kapis20/Projects/3D_new/3Dlittle/data/train/imag-130-_jpg.rf.b99fe7fed751d815ce35587cc9891766.jpg,spaghetti,640,640,23,21,514,322
TRAINING,/home/kapis20/Projects/3D_new/3Dlittle/data/train/3jrfbhxqkap91_jpg.rf.bb9443e59aa098fea591ca08c7881178.jpg,spaghetti,640,640,251,92,407,238
TRAINING,/home/kapis20/Projects/3D_new/3Dlittle/data/train/3jrfbhxqkap91_jpg.rf.bb9443e59aa098fea591ca08c7881178.jpg,spaghetti,640,640,397,86,469,158
TRAINING,/home/kapis20/Projects/3D_new/3Dlittle/data/train/3jrfbhxqkap91_jpg.rf.bb9443e59aa098fea591ca08c7881178.jpg,spaghetti,640,640,206,247,300,353
TRAINING,/home/kapis20/Projects/3D_new/3Dlittle/data/train/3jrfbhxqkap91_jpg.rf.bb9443e59aa098fea591ca08c7881178.jpg,spaghetti,640,640,143,268,203,344
TRAINING,/home/kapis20/Projects/3D_new/3Dlittle/data/train/3jrfbhxqkap91_jpg.rf.bb9443e59aa098fea591ca08c7881178.jpg,spaghetti,640,640,178,348,262,416
TRAINING,/home/kapis20/Projects/3D_new/3Dlittle/data/train/2BB13286-1508-4AD2-806A-C3C0391D4FE2_cropped_cropped_jpg.rf.cc44598974cdc4d1eb761f7f3327296c.jpg,spaghetti,640,640,35,198,222,405
TRAINING,/home/kapis20/Projects/3D_new/3Dlittle/data/train/2BB13286-1508-4AD2-806A-C3C0391D4FE2_cropped_cropped_jpg.rf.cc44598974cdc4d1eb761f7f3327296c.jpg,spaghetti,640,640,82,388,236,495
TRAINING,/home/kapis20/Projects/3D_new/3Dlittle/data/train/2BB13286-1508-4AD2-806A-C3C0391D4FE2_cropped_cropped_jpg.rf.cc44598974cdc4d1eb761f7f3327296c.jpg,spaghetti,640,640,183,490,287,596
TRAINING,/home/kapis20/Projects/3D_new/3Dlittle/data/train/2BB13286-1508-4AD2-806A-C3C0391D4FE2_cropped_cropped_jpg.rf.cc44598974cdc4d1eb761f7f3327296c.jpg,spaghetti,640,640,285,490,395,628
TRAINING,/home/kapis20/Projects/3D_new/3Dlittle/data/train/2BB13286-1508-4AD2-806A-C3C0391D4FE2_cropped_cropped_jpg.rf.cc44598974cdc4d1eb761f7f3327296c.jpg,spaghetti,640,640,239,296,380,480
TRAINING,/home/kapis20/Projects/3D_new/3Dlittle/data/train/2BB13286-1508-4AD2-806A-C3C0391D4FE2_cropped_cropped_jpg.rf.cc44598974cdc4d1eb761f7f3327296c.jpg,spaghetti,640,640,224,151,364,293
TRAINING,/home/kapis20/Projects/3D_new/3Dlittle/data/train/2BB13286-1508-4AD2-806A-C3C0391D4FE2_cropped_cropped_jpg.rf.cc44598974cdc4d1eb761f7f3327296c.jpg,spaghetti,640,640,89,139,222,227
TRAINING,/home/kapis20/Projects/3D_new/3Dlittle/data/train/2BB13286-1508-4AD2-806A-C3C0391D4FE2_cropped_cropped_jpg.rf.cc44598974cdc4d1eb761f7f3327296c.jpg,spaghetti,640,640,199,39,335,143
TRAINING,/home/kapis20/Projects/3D_new/3Dlittle/data/train/2BB13286-1508-4AD2-806A-C3C0391D4FE2_cropped_cropped_jpg.rf.cc44598974cdc4d1eb761f7f3327296c.jpg,spaghetti,640,640,352,124,464,246
TRAINING,/home/kapis20/Projects/3D_new/3Dlittle/data/train/2BB13286-1508-4AD2-806A-C3C0391D4FE2_cropped_cropped_jpg.rf.cc44598974cdc4d1eb761f7f3327296c.jpg,spaghetti,640,640,470,178,565,294
TRAINING,/home/kapis20/Projects/3D_new/3Dlittle/data/train/2BB13286-1508-4AD2-806A-C3C0391D4FE2_cropped_cropped_jpg.rf.cc44598974cdc4d1eb761f7f3327296c.jpg,spaghetti,640,640,526,339,638,450
TRAINING,/home/kapis20/Projects/3D_new/3Dlittle/data/train/2BB13286-1508-4AD2-806A-C3C0391D4FE2_cropped_cropped_jpg.rf.cc44598974cdc4d1eb761f7f3327296c.jpg,spaghetti,640,640,459,483,577,600
TRAINING,/home/kapis20/Projects/3D_new/3Dlittle/data/train/2BB13286-1508-4AD2-806A-C3C0391D4FE2_cropped_cropped_jpg.rf.cc44598974cdc4d1eb761f7f3327296c.jpg,spaghetti,640,640,381,364,500,472
TRAINING,/home/kapis20/Projects/3D_new/3Dlittle/data/train/fb164a89-c861-42a3-ab02-c1900fd638e2_cropped_jpg.rf.c436670d40d8d5413e44b7a9d4852fbd.jpg,spaghetti,640,640,194,91,365,279
TRAINING,/home/kapis20/Projects/3D_new/3Dlittle/data/train/fb164a89-c861-42a3-ab02-c1900fd638e2_cropped_jpg.rf.c436670d40d8d5413e44b7a9d4852fbd.jpg,spaghetti,640,640,320,254,460,424
TRAINING,/home/kapis20/Projects/3D_new/3Dlittle/data/train/fb164a89-c861-42a3-ab02-c1900fd638e2_cropped_jpg.rf.c436670d40d8d5413e44b7a9d4852fbd.jpg,spaghetti,640,640,440,359,608,541
TRAINING,/home/kapis20/Projects/3D_new/3Dlittle/data/train/fb164a89-c861-42a3-ab02-c1900fd638e2_cropped_jpg.rf.c436670d40d8d5413e44b7a9d4852fbd.jpg,spaghetti,640,640,471,208,631,354
TRAINING,/home/kapis20/Projects/3D_new/3Dlittle/data/train/fb164a89-c861-42a3-ab02-c1900fd638e2_cropped_jpg.rf.c436670d40d8d5413e44b7a9d4852fbd.jpg,spaghetti,640,640,391,114,627,218
TRAINING,/home/kapis20/Projects/3D_new/3Dlittle/data/train/imag-13-_jpg.rf.cc63f7b4494cbcfecfa7ef3e09efac05.jpg,spaghetti,640,640,218,548,231,601
TRAINING,/home/kapis20/Projects/3D_new/3Dlittle/data/train/imag-13-_jpg.rf.cc63f7b4494cbcfecfa7ef3e09efac05.jpg,spaghetti,640,640,267,158,340,451
TRAINING,/home/kapis20/Projects/3D_new/3Dlittle/data/train/imag-13-_jpg.rf.cc63f7b4494cbcfecfa7ef3e09efac05.jpg,spaghetti,640,640,285,452,402,549
TRAINING,/home/kapis20/Projects/3D_new/3Dlittle/data/train/spaghetti_92_jpg.rf.c5eb88e48eb987de23600da55e076574.jpg,spaghetti,640,640,203,162,447,455
TRAINING,/home/kapis20/Projects/3D_new/3Dlittle/data/train/spaghetti_92_jpg.rf.c5eb88e48eb987de23600da55e076574.jpg,spaghetti,640,640,115,362,221,565
TRAINING,/home/kapis20/Projects/3D_new/3Dlittle/data/train/spaghetti_92_jpg.rf.c5eb88e48eb987de23600da55e076574.jpg,spaghetti,640,640,8,354,97,540
TRAINING,/home/kapis20/Projects/3D_new/3Dlittle/data/train/spaghetti_92_jpg.rf.c5eb88e48eb987de23600da55e076574.jpg,spaghetti,640,640,206,507,606,633
TRAINING,/home/kapis20/Projects/3D_new/3Dlittle/data/train/spaghetti_92_jpg.rf.c5eb88e48eb987de23600da55e076574.jpg,spaghetti,640,640,443,114,516,257
TRAINING,/home/kapis20/Projects/3D_new/3Dlittle/data/train/spaghetti_92_jpg.rf.c5eb88e48eb987de23600da55e076574.jpg,spaghetti,640,640,272,22,410,148
TRAINING,/home/kapis20/Projects/3D_new/3Dlittle/data/train/spaghetti_92_jpg.rf.c5eb88e48eb987de23600da55e076574.jpg,spaghetti,640,640,466,16,640,162
TRAINING,/home/kapis20/Projects/3D_new/3Dlittle/data/train/spaghetti_92_jpg.rf.c5eb88e48eb987de23600da55e076574.jpg,spaghetti,640,640,541,206,631,403
TRAINING,/home/kapis20/Projects/3D_new/3Dlittle/data/train/imag-103-_jpg.rf.ce7fd92f4068b240b53e495b5397a54a.jpg,spaghetti,640,640,0,91,541,360
TRAINING,/home/kapis20/Projects/3D_new/3Dlittle/data/train/spaghetti_98_jpg.rf.d794e6d458753f52c31bd039e0d19965.jpg,spaghetti,640,640,168,75,307,195
TRAINING,/home/kapis20/Projects/3D_new/3Dlittle/data/train/spaghetti_98_jpg.rf.d794e6d458753f52c31bd039e0d19965.jpg,spaghetti,640,640,338,106,466,178
TRAINING,/home/kapis20/Projects/3D_new/3Dlittle/data/train/spaghetti_98_jpg.rf.d794e6d458753f52c31bd039e0d19965.jpg,spaghetti,640,640,147,317,602,597
TRAINING,/home/kapis20/Projects/3D_new/3Dlittle/data/train/spaghetti_104_jpg.rf.d4cde357ac45394776853857d96c2252.jpg,spaghetti,640,640,32,105,629,583
TRAINING,/home/kapis20/Projects/3D_new/3Dlittle/data/train/spaghetti_14_jpg.rf.cfe9deba44b286a7fb9c59d4c0478aa7.jpg,spaghetti,640,640,121,190,288,406
TRAINING,/home/kapis20/Projects/3D_new/3Dlittle/data/train/spaghetti_14_jpg.rf.cfe9deba44b286a7fb9c59d4c0478aa7.jpg,spaghetti,640,640,310,411,418,543
TRAINING,/home/kapis20/Projects/3D_new/3Dlittle/data/train/spaghetti_14_jpg.rf.cfe9deba44b286a7fb9c59d4c0478aa7.jpg,spaghetti,640,640,428,349,485,466
TRAINING,/home/kapis20/Projects/3D_new/3Dlittle/data/train/spaghetti_14_jpg.rf.cfe9deba44b286a7fb9c59d4c0478aa7.jpg,spaghetti,640,640,502,451,582,554
TRAINING,/home/kapis20/Projects/3D_new/3Dlittle/data/train/spaghetti_14_jpg.rf.cfe9deba44b286a7fb9c59d4c0478aa7.jpg,spaghetti,640,640,315,257,376,371
TRAINING,/home/kapis20/Projects/3D_new/3Dlittle/data/train/spaghetti_14_jpg.rf.cfe9deba44b286a7fb9c59d4c0478aa7.jpg,spaghetti,640,640,31,330,115,397
TRAINING,/home/kapis20/Projects/3D_new/3Dlittle/data/train/spaghetti_5_jpg.rf.da25b28acd7d7b4dc11bcac15899dc85.jpg,spaghetti,640,640,195,238,622,429
TRAINING,/home/kapis20/Projects/3D_new/3Dlittle/data/train/imag-123-_jpg.rf.de6ed3ce5e550c8969e94a8ec91fb2c3.jpg,spaghetti,640,640,231,145,597,465
TRAINING,/home/kapis20/Projects/3D_new/3Dlittle/data/train/imag-133-_jpg.rf.e61daf97dd341ff24db52ed2825d1c1a.jpg,spaghetti,640,640,3,211,197,494
TRAINING,/home/kapis20/Projects/3D_new/3Dlittle/data/train/335070755_717372683426620_9187802208267785837_n_cropped_jpg.rf.e3a73523e309bcc363f519ae4a397448.jpg,spaghetti,640,640,75,268,201,556
TRAINING,/home/kapis20/Projects/3D_new/3Dlittle/data/train/335070755_717372683426620_9187802208267785837_n_cropped_jpg.rf.e3a73523e309bcc363f519ae4a397448.jpg,spaghetti,640,640,54,530,108,615
TRAINING,/home/kapis20/Projects/3D_new/3Dlittle/data/train/335070755_717372683426620_9187802208267785837_n_cropped_jpg.rf.e3a73523e309bcc363f519ae4a397448.jpg,spaghetti,640,640,121,181,211,294
TRAINING,/home/kapis20/Projects/3D_new/3Dlittle/data/train/335070755_717372683426620_9187802208267785837_n_cropped_jpg.rf.e3a73523e309bcc363f519ae4a397448.jpg,spaghetti,640,640,6,273,78,326
TRAINING,/home/kapis20/Projects/3D_new/3Dlittle/data/train/335070755_717372683426620_9187802208267785837_n_cropped_jpg.rf.e3a73523e309bcc363f519ae4a397448.jpg,spaghetti,640,640,193,81,323,187
TRAINING,/home/kapis20/Projects/3D_new/3Dlittle/data/train/335070755_717372683426620_9187802208267785837_n_cropped_jpg.rf.e3a73523e309bcc363f519ae4a397448.jpg,spaghetti,640,640,278,19,356,114
TRAINING,/home/kapis20/Projects/3D_new/3Dlittle/data/train/335070755_717372683426620_9187802208267785837_n_cropped_jpg.rf.e3a73523e309bcc363f519ae4a397448.jpg,spaghetti,640,640,358,58,443,185
TRAINING,/home/kapis20/Projects/3D_new/3Dlittle/data/train/335070755_717372683426620_9187802208267785837_n_cropped_jpg.rf.e3a73523e309bcc363f519ae4a397448.jpg,spaghetti,640,640,463,160,577,264
TRAINING,/home/kapis20/Projects/3D_new/3Dlittle/data/train/335070755_717372683426620_9187802208267785837_n_cropped_jpg.rf.e3a73523e309bcc363f519ae4a397448.jpg,spaghetti,640,640,466,269,630,391
TRAINING,/home/kapis20/Projects/3D_new/3Dlittle/data/train/spaghetti_59_jpg.rf.e884bb66c51264e3fb34a2f618645cbf.jpg,spaghetti,640,640,227,52,521,208
TRAINING,/home/kapis20/Projects/3D_new/3Dlittle/data/train/imag-115-_jpg.rf.e8076a59fe691bae939d2af9e6f45489.jpg,spaghetti,640,640,63,310,577,487
TRAINING,/home/kapis20/Projects/3D_new/3Dlittle/data/train/imag-129-_jpg.rf.e9632b3d35257d8adc519a1ea9bfbeae.jpg,spaghetti,640,640,53,326,532,499
TRAINING,/home/kapis20/Projects/3D_new/3Dlittle/data/train/imag-129-_jpg.rf.e9632b3d35257d8adc519a1ea9bfbeae.jpg,spaghetti,640,640,440,184,546,297
TRAINING,/home/kapis20/Projects/3D_new/3Dlittle/data/train/spaghetti_83_jpg.rf.e724adb8f0130f8324a9cda87ea1155d.jpg,spaghetti,640,640,224,90,459,293
TRAINING,/home/kapis20/Projects/3D_new/3Dlittle/data/train/spaghetti_2_jpg.rf.f0e4f2e3aebeabd87f52de28173a0298.jpg,spaghetti,640,640,73,36,494,485
TRAINING,/home/kapis20/Projects/3D_new/3Dlittle/data/train/imag-144-_jpg.rf.ea7d854eae1aadba1c6a97d4369e8d1c.jpg,spaghetti,640,640,390,291,448,387
TRAINING,/home/kapis20/Projects/3D_new/3Dlittle/data/train/spaghetti_3_jpg.rf.f591c0424d742d91d7db1b743fcb77eb.jpg,spaghetti,640,640,151,242,382,505
TRAINING,/home/kapis20/Projects/3D_new/3Dlittle/data/train/spaghetti_3_jpg.rf.f591c0424d742d91d7db1b743fcb77eb.jpg,spaghetti,640,640,486,236,593,392
TRAINING,/home/kapis20/Projects/3D_new/3Dlittle/data/train/spaghetti_3_jpg.rf.f591c0424d742d91d7db1b743fcb77eb.jpg,spaghetti,640,640,389,316,460,397
TRAINING,/home/kapis20/Projects/3D_new/3Dlittle/data/train/spaghetti_3_jpg.rf.f591c0424d742d91d7db1b743fcb77eb.jpg,spaghetti,640,640,213,100,314,236
TRAINING,/home/kapis20/Projects/3D_new/3Dlittle/data/train/imag-11-_jpg.rf.f512616bec911e5eef8f3be8474cb78f.jpg,spaghetti,640,640,41,258,311,423
TRAINING,/home/kapis20/Projects/3D_new/3Dlittle/data/train/imag-11-_jpg.rf.f512616bec911e5eef8f3be8474cb78f.jpg,spaghetti,640,640,215,320,509,567
TRAINING,/home/kapis20/Projects/3D_new/3Dlittle/data/train/spaghetti_13_jpg.rf.f84b2eb39898446bbe8489f63c48e86e.jpg,spaghetti,640,640,60,31,473,360
TRAINING,/home/kapis20/Projects/3D_new/3Dlittle/data/train/imag-107-_jpg.rf.f5dd9b2be54cf933fd92c0406f9caba7.jpg,spaghetti,640,640,468,147,630,225
TRAINING,/home/kapis20/Projects/3D_new/3Dlittle/data/train/imag-107-_jpg.rf.f5dd9b2be54cf933fd92c0406f9caba7.jpg,spaghetti,640,640,303,31,639,557
TRAINING,/home/kapis20/Projects/3D_new/3Dlittle/data/train/spaghetti_123_jpg.rf.f3eea680a2e7b2d0cf44bcce216565c3.jpg,spaghetti,640,640,129,7,330,145
TRAINING,/home/kapis20/Projects/3D_new/3Dlittle/data/train/spaghetti_123_jpg.rf.f3eea680a2e7b2d0cf44bcce216565c3.jpg,spaghetti,640,640,396,314,451,445
TRAINING,/home/kapis20/Projects/3D_new/3Dlittle/data/train/imag-123-_jpg.rf.f73d4ab57572bb897be2f2ce60614b57.jpg,spaghetti,640,640,231,176,597,496
TRAINING,/home/kapis20/Projects/3D_new/3Dlittle/data/train/spaghetti_51_jpg.rf.f8fec4e854e06f024c85b49de0e8c8e0.jpg,spaghetti,640,640,164,124,489,311
TRAINING,/home/kapis20/Projects/3D_new/3Dlittle/data/train/spaghetti_29_jpg.rf.fda0e466cdaea5bd3f13a46c062eb5c9.jpg,spaghetti,640,640,69,48,440,276
TRAINING,/home/kapis20/Projects/3D_new/3Dlittle/data/train/spaghetti_29_jpg.rf.fda0e466cdaea5bd3f13a46c062eb5c9.jpg,spaghetti,640,640,363,353,482,534
TRAINING,/home/kapis20/Projects/3D_new/3Dlittle/data/train/spaghetti_29_jpg.rf.fda0e466cdaea5bd3f13a46c062eb5c9.jpg,spaghetti,640,640,449,177,601,385
TRAINING,/home/kapis20/Projects/3D_new/3Dlittle/data/train/spaghetti_29_jpg.rf.fda0e466cdaea5bd3f13a46c062eb5c9.jpg,spaghetti,640,640,79,291,325,401
TRAINING,/home/kapis20/Projects/3D_new/3Dlittle/data/train/spaghetti_72_jpg.rf.fb63447c80011a2cabcc34b34894346e.jpg,spaghetti,640,640,150,142,522,428
